isbn,title,description,page_count,category,published_date,publisher,lang,edition,book_format,authors,tags
0-8274-8030-X,Walk bill customer get expert commercial lawyer.,"Expect quality section him worker. Kind glass movie why.
Four ok later bag somebody wife. Stuff bring direction that activity win.However represent eye.
Television point sell activity concern.
Thought born story should. End follow high sell myself.
Fine wrong exist rather hear level. Operation medical whatever.Want those include protect. Member memory accept assume office common suddenly. Painting similar suffer ahead along.",65,pr,2000,Johnston-Snyder,Kanuri,3,hc,"[17, 9, 9]","[8, 2, 4]"
0-85127-124-3,Ever onto free professional above great short.,"Lawyer sense use effect beautiful expect. Study total along someone much.
Indeed clear case grow beyond. Seat stage various relate think spend.Indeed on paper anything phone kind along. Technology nothing time car guy nation mind. Six hospital them research special.Set book fill with audience minute. Hour policy sort care.",341,ot,2016,Moreno-Crawford,Avestan,2,eb,"[17, 9, 9]","[8, 2, 4]"
0-659-16316-0,Soon movement seek find.,"Enough candidate tough wonder record alone message. Military even than perhaps teacher drug least.
Send recent defense around finally successful sell. Red newspaper thought others.Trade many whole. Figure born for parent ball stop teach.
Eye Mrs receive along together form. Together place trouble machine recent through determine type.Great career safe they behavior.",221,pr,1970,"Gomez, Kerr and Smith",Kirghiz,1,eb,"[17, 9, 9]","[8, 2, 4]"
0-364-35469-0,North fill without anything.,"Wide produce maintain. Play answer war eat. Field article after world small administration.
Single above someone everybody worry throw. Billion those case modern off. Seat argue list order.Score final girl sport fear heart. Yet know far clear pass who. Car general event near move.
System business lead natural newspaper.Create person positive start news. Your find situation write dream level east.",429,ar,1997,Andrews and Sons,Bulgarian,2,eb,"[17, 9, 9]","[8, 2, 4]"
0-680-15840-5,Beat hard way owner.,"Decide produce marriage play environment on.
Because measure sense someone continue trial up movie. Maintain lose gas choose. Feel family raise personal city reveal.Air cut shoulder large. Fast determine some end occur.
Part fire then nation responsibility. Star throw professional. Society story line every.Particularly hope rise two so always season wife. Actually nothing understand sit. Which if fight catch.
Culture former enjoy offer. Ask safe finish record.",227,po,1996,"George, Roach and Adams",Sanskrit,3,hc,"[17, 9, 9]","[8, 2, 4]"
1-347-52458-4,Already former drive affect certain bad Democrat.,"Job everyone seem ever mouth. Number day in field direction ago.
Generation again might win provide decade. Occur current deal floor wife growth method.Door month beautiful dinner end as. Usually nothing suggest believe.
Poor or teacher final no great. Myself artist project hear raise. Market this nothing.Democrat person side community issue star. Clearly although officer letter. While might writer especially power move author. Try ask without.",279,pr,2015,Silva-Hanson,Twi,3,eb,"[17, 9, 9]","[8, 2, 4]"
0-9997344-0-7,Although campaign mind member moment suggest compa,"Best source some. Build among professor unit.
Finish wrong throughout sea service. American simply election her.
Special mean yes reality thing. Clear black see word why.Than drive key computer page its sign institution. Century economic once two not land. Likely picture more prevent floor director significant. Still notice test case quickly action.Power power item event. Less not important compare generation away check.
Garden imagine that child. Line season speak edge range. Policy movement value already.",497,hi,1978,Kline PLC,Church Slavic,1,eb,"[17, 9, 9]","[8, 2, 4]"
0-485-63757-X,These writer home capital necessary black.,"Role finally large seem yeah safe. Choose with offer popular son.Apply general pattern summer no modern five measure. Official with cover hundred. Strategy west television. Organization south ask a team share sit ball.A decide firm discussion. Business daughter child improve.
Officer financial popular public.",330,hi,2006,Tate PLC,Malagasy,1,eb,"[17, 9, 9]","[8, 2, 4]"
0-640-61334-9,Hold for card last although.,"Federal west blue sing to nothing later.
Sing dream himself door defense yeah notice. Prevent Mr area artist ability action poor test. Training know star quickly score floor attention.Movement piece bank space identify. Tough protect step agreement something. Agreement your rate nature either him.Box story she budget trial. Door local phone view.
Always husband late difference sister spend. Or people sure public tough board court. Possible everything hospital drug yes reality.",106,pr,2011,Evans-Grant,Uzbek,2,eb,"[17, 9, 9]","[8, 2, 4]"
1-58079-652-4,Republican cultural learn red past finish.,"Himself fear hand become particularly. Owner before free year wrong back. Speech floor along scene write quality address.
Medical value head financial. Law since follow course keep eight.As six onto control. Doctor most total actually road main might.
Gas budget hotel ever person.
Score heart send. Man vote phone machine big. Window key article past.It skill budget understand garden under per country. Example day leg audience within available like. Anything trip seat near.
Sit culture international Congress.",339,pr,1977,Stone LLC,Ganda,1,eb,"[17, 9, 9]","[8, 2, 4]"
